Date,SKU_ID,Base_Cost_INR,Logistics_Cost_INR,Our_Listing_Price_INR,Competitor_Price_INR,Inventory_Level,Is_Weekend,Is_Festival,Google_Trend_Index,True_Demand_Units,Actual_Units_Sold,
01-01-2025,SKU_MOTO_EDGE_50,27025,287.87,29999,30999,115,0,0,53,34,34,
02-01-2025,SKU_MOTO_EDGE_50,27025,284.59,29999,29999,81,0,0,53,32,32,
03-01-2025,SKU_MOTO_EDGE_50,27025,292.87,28999,30999,49,0,0,52,31,31,
04-01-2025,SKU_MOTO_EDGE_50,27025,282.26,30999,30499,18,1,0,65,43,18,
05-01-2025,SKU_MOTO_EDGE_50,27025,282.36,28499,28999,0,1,0,50,37,0,
06-01-2025,SKU_MOTO_EDGE_50,27025,296.86,30499,29999,80,0,0,62,33,33,
07-01-2025,SKU_MOTO_EDGE_50,27025,295.15,28499,30999,47,0,0,49,29,29,
08-01-2025,SKU_MOTO_EDGE_50,27025,292.51,30499,30499,18,0,0,49,27,18,
09-01-2025,SKU_MOTO_EDGE_50,27025,295.89,28999,30499,40,0,0,46,31,31,
10-01-2025,SKU_MOTO_EDGE_50,27025,290.45,28999,30999,49,0,0,52,33,33,
11-01-2025,SKU_MOTO_EDGE_50,27025,283.58,28499,30499,76,1,0,61,45,45,
12-01-2025,SKU_MOTO_EDGE_50,27025,296.73,30499,30499,31,1,0,56,33,31,
13-01-2025,SKU_MOTO_EDGE_50,27025,284.73,28499,28999,0,0,0,49,31,0,
14-01-2025,SKU_MOTO_EDGE_50,27025,294.48,29999,28999,40,0,0,53,32,32,
15-01-2025,SKU_MOTO_EDGE_50,27025,292.02,28499,30499,8,0,0,45,32,8,
16-01-2025,SKU_MOTO_EDGE_50,27025,286.92,29999,30999,80,0,0,45,29,29,
17-01-2025,SKU_MOTO_EDGE_50,27025,289.33,29999,30999,51,0,0,53,34,34,
18-01-2025,SKU_MOTO_EDGE_50,27025,293.81,28499,29999,17,1,0,57,39,17,
19-01-2025,SKU_MOTO_EDGE_50,27025,288.84,28499,29999,40,1,0,60,33,33,
20-01-2025,SKU_MOTO_EDGE_50,27025,285.99,29999,30999,47,0,0,58,34,34,
21-01-2025,SKU_MOTO_EDGE_50,27025,291.62,30999,28999,73,0,0,53,28,28,
22-01-2025,SKU_MOTO_EDGE_50,27025,295.5,30499,29499,45,0,0,54,28,28,
23-01-2025,SKU_MOTO_EDGE_50,27025,286.33,28499,29999,17,0,0,53,32,17,
24-01-2025,SKU_MOTO_EDGE_50,27025,317.35,26999,28999,0,0,1,89,69,0,
25-01-2025,SKU_MOTO_EDGE_50,27025,320.91,26999,28999,0,1,1,87,75,0,
26-01-2025,SKU_MOTO_EDGE_50,27025,320.95,28499,28499,40,1,1,85,69,40,
27-01-2025,SKU_MOTO_EDGE_50,27025,321.25,27499,28499,40,0,1,80,65,40,
28-01-2025,SKU_MOTO_EDGE_50,27025,291.77,30999,29499,0,0,0,53,28,0,
29-01-2025,SKU_MOTO_EDGE_50,27025,292.33,29999,29999,40,0,0,54,28,28,
30-01-2025,SKU_MOTO_EDGE_50,27025,297,28499,29999,12,0,0,52,27,12,
31-01-2025,SKU_MOTO_EDGE_50,27025,292.69,30499,29999,60,0,0,47,24,24,
01-02-2025,SKU_MOTO_EDGE_50,27025,289.93,30499,29999,36,1,0,55,37,36,
02-02-2025,SKU_MOTO_EDGE_50,27025,292.61,28499,29499,0,1,0,64,43,0,
03-02-2025,SKU_MOTO_EDGE_50,27025,290.37,29999,29499,40,0,0,49,26,26,
04-02-2025,SKU_MOTO_EDGE_50,27025,290,28999,28999,14,0,0,56,31,14,
05-02-2025,SKU_MOTO_EDGE_50,27025,285.08,29999,28999,60,0,0,55,31,31,
06-02-2025,SKU_MOTO_EDGE_50,27025,293.95,29999,30499,29,0,0,55,35,29,
07-02-2025,SKU_MOTO_EDGE_50,27025,287.83,29999,28999,40,0,0,51,22,22,
08-02-2025,SKU_MOTO_EDGE_50,27025,297.17,28499,30499,18,1,0,59,38,18,
09-02-2025,SKU_MOTO_EDGE_50,27025,284.93,28499,29999,40,1,0,61,34,34,
10-02-2025,SKU_MOTO_EDGE_50,27025,291.8,29999,30999,66,0,0,53,32,32,
11-02-2025,SKU_MOTO_EDGE_50,27025,287.5,30499,28999,34,0,0,55,30,30,
12-02-2025,SKU_MOTO_EDGE_50,27025,285.7,30499,29999,4,0,0,52,28,4,
13-02-2025,SKU_MOTO_EDGE_50,27025,296.36,30999,30999,40,0,0,53,30,30,
14-02-2025,SKU_MOTO_EDGE_50,27025,287.21,29999,30999,10,0,0,48,26,10,
15-02-2025,SKU_MOTO_EDGE_50,27025,286.28,28999,29999,60,1,0,62,40,40,
16-02-2025,SKU_MOTO_EDGE_50,27025,296.2,28999,29499,20,1,0,56,34,20,
17-02-2025,SKU_MOTO_EDGE_50,27025,287.09,28499,28999,0,0,0,48,33,0,
18-02-2025,SKU_MOTO_EDGE_50,27025,294.39,28999,29999,40,0,0,54,42,40,
19-02-2025,SKU_MOTO_EDGE_50,27025,292,29999,30499,0,0,0,47,23,0,
20-02-2025,SKU_MOTO_EDGE_50,27025,290.92,28499,29999,40,0,0,52,31,31,
21-02-2025,SKU_MOTO_EDGE_50,27025,282.81,30499,29999,9,0,0,55,28,9,
22-02-2025,SKU_MOTO_EDGE_50,27025,296.73,30999,30499,40,1,0,58,32,32,
23-02-2025,SKU_MOTO_EDGE_50,27025,284.33,28999,30999,48,1,0,51,37,37,
24-02-2025,SKU_MOTO_EDGE_50,27025,286.31,28999,30499,11,0,0,48,34,11,
25-02-2025,SKU_MOTO_EDGE_50,27025,284.85,28999,28999,40,0,0,50,28,28,
26-02-2025,SKU_MOTO_EDGE_50,27025,292.15,28499,30999,12,0,0,60,37,12,
27-02-2025,SKU_MOTO_EDGE_50,27025,288.54,28999,30499,0,0,0,57,30,0,
28-02-2025,SKU_MOTO_EDGE_50,27025,283.99,28499,30999,40,0,0,54,34,34,
01-03-2025,SKU_MOTO_EDGE_50,27025,289.22,28999,30999,6,1,0,66,45,6,
02-03-2025,SKU_MOTO_EDGE_50,27025,287.87,29999,29499,40,1,0,64,39,39,
03-03-2025,SKU_MOTO_EDGE_50,27025,292.51,28499,29499,41,0,0,53,33,33,
04-03-2025,SKU_MOTO_EDGE_50,27025,292.41,30499,29999,48,0,0,52,27,27,
05-03-2025,SKU_MOTO_EDGE_50,27025,291.64,28499,28999,21,0,0,47,30,21,
06-03-2025,SKU_MOTO_EDGE_50,27025,286.36,28999,30499,40,0,0,52,29,29,
07-03-2025,SKU_MOTO_EDGE_50,27025,292.09,28999,30999,91,0,0,47,33,33,
08-03-2025,SKU_MOTO_EDGE_50,27025,286.48,28999,30499,58,1,0,63,44,44,
09-03-2025,SKU_MOTO_EDGE_50,27025,295.41,28499,30499,14,1,0,57,41,14,
10-03-2025,SKU_MOTO_EDGE_50,27025,284.91,29999,28999,40,0,0,51,28,28,
11-03-2025,SKU_MOTO_EDGE_50,27025,293.9,30499,30999,12,0,0,58,29,12,
12-03-2025,SKU_MOTO_EDGE_50,27025,328.57,26999,27999,40,0,1,80,76,40,
13-03-2025,SKU_MOTO_EDGE_50,27025,322.05,28499,28999,40,0,1,83,65,40,
14-03-2025,SKU_MOTO_EDGE_50,27025,325.85,29499,29999,40,0,1,77,59,40,
15-03-2025,SKU_MOTO_EDGE_50,27025,328.54,29499,27999,40,1,1,91,78,40,
16-03-2025,SKU_MOTO_EDGE_50,27025,296.78,28999,28999,40,1,0,60,38,38,
17-03-2025,SKU_MOTO_EDGE_50,27025,288.64,28499,29499,42,0,0,54,34,34,
18-03-2025,SKU_MOTO_EDGE_50,27025,289.95,30999,29999,48,0,0,56,27,27,
19-03-2025,SKU_MOTO_EDGE_50,27025,297.04,30499,30499,21,0,0,49,27,21,
20-03-2025,SKU_MOTO_EDGE_50,27025,293.91,28999,29999,40,0,0,50,29,29,
21-03-2025,SKU_MOTO_EDGE_50,27025,283.09,30999,30499,11,0,0,54,31,11,
22-03-2025,SKU_MOTO_EDGE_50,27025,292.47,28499,30499,40,1,0,54,35,35,
23-03-2025,SKU_MOTO_EDGE_50,27025,285.6,30499,29499,45,1,0,60,38,38,
24-03-2025,SKU_MOTO_EDGE_50,27025,282.9,29999,30999,47,0,0,51,30,30,
25-03-2025,SKU_MOTO_EDGE_50,27025,283.38,28499,28999,17,0,0,50,35,17,
26-03-2025,SKU_MOTO_EDGE_50,27025,291.66,28499,29999,0,0,0,51,28,0,
27-03-2025,SKU_MOTO_EDGE_50,27025,287.29,30499,29499,60,0,0,47,31,31,
28-03-2025,SKU_MOTO_EDGE_50,27025,286.24,28499,30999,29,0,0,50,25,25,
29-03-2025,SKU_MOTO_EDGE_50,27025,282.74,28499,28999,4,1,0,66,36,4,
30-03-2025,SKU_MOTO_EDGE_50,27025,284.25,30999,29999,40,1,0,59,38,38,
31-03-2025,SKU_MOTO_EDGE_50,27025,296.04,28999,29499,42,0,0,47,28,28,
01-04-2025,SKU_MOTO_EDGE_50,27025,293.91,28499,29499,54,0,0,57,30,30,
02-04-2025,SKU_MOTO_EDGE_50,27025,296.8,28499,29999,24,0,0,51,34,24,
03-04-2025,SKU_MOTO_EDGE_50,27025,288.47,30999,28999,40,0,0,52,27,27,
04-04-2025,SKU_MOTO_EDGE_50,27025,296.42,29999,29499,13,0,0,50,23,13,
05-04-2025,SKU_MOTO_EDGE_50,27025,284.19,30999,29999,40,1,0,54,36,36,
06-04-2025,SKU_MOTO_EDGE_50,27025,291.52,28999,30499,84,1,0,46,33,33,
07-04-2025,SKU_MOTO_EDGE_50,27025,290.05,28499,30499,51,0,0,60,39,39,
08-04-2025,SKU_MOTO_EDGE_50,27025,295.4,28499,28999,12,0,0,54,35,12,
09-04-2025,SKU_MOTO_EDGE_50,27025,292.81,30499,29999,40,0,0,52,29,29,
10-04-2025,SKU_MOTO_EDGE_50,27025,290.57,28999,29999,11,0,0,52,23,11,
11-04-2025,SKU_MOTO_EDGE_50,27025,294.01,28999,30499,40,0,0,45,28,28,
12-04-2025,SKU_MOTO_EDGE_50,27025,296.95,28999,30999,12,1,0,64,36,12,
13-04-2025,SKU_MOTO_EDGE_50,27025,285.85,28499,29999,40,1,0,69,39,39,
14-04-2025,SKU_MOTO_EDGE_50,27025,292.72,30499,30499,41,0,0,54,28,28,
15-04-2025,SKU_MOTO_EDGE_50,27025,292.26,30999,29499,13,0,0,49,24,13,
16-04-2025,SKU_MOTO_EDGE_50,27025,284.91,28499,30999,60,0,0,43,29,29,
17-04-2025,SKU_MOTO_EDGE_50,27025,287.71,30999,29499,31,0,0,49,25,25,
18-04-2025,SKU_MOTO_EDGE_50,27025,289.47,30999,29999,46,0,0,52,25,25,
19-04-2025,SKU_MOTO_EDGE_50,27025,290.3,30499,29499,21,1,0,57,29,21,
20-04-2025,SKU_MOTO_EDGE_50,27025,293.46,29999,29999,40,1,0,62,39,39,
21-04-2025,SKU_MOTO_EDGE_50,27025,290.23,28999,30999,81,0,0,58,25,25,
22-04-2025,SKU_MOTO_EDGE_50,27025,283.82,30499,30999,56,0,0,49,24,24,
23-04-2025,SKU_MOTO_EDGE_50,27025,284.05,30999,28999,32,0,0,58,32,32,
24-04-2025,SKU_MOTO_EDGE_50,27025,294.09,28999,30999,40,0,0,52,28,28,
25-04-2025,SKU_MOTO_EDGE_50,27025,293.43,30499,28999,12,0,0,50,25,12,
26-04-2025,SKU_MOTO_EDGE_50,27025,287.7,28999,29499,60,1,0,59,33,33,
27-04-2025,SKU_MOTO_EDGE_50,27025,291.34,30999,28999,27,1,0,57,33,27,
28-04-2025,SKU_MOTO_EDGE_50,27025,285.05,29999,28999,40,0,0,41,26,26,
29-04-2025,SKU_MOTO_EDGE_50,27025,283.93,30499,29499,14,0,0,49,29,14,
30-04-2025,SKU_MOTO_EDGE_50,27025,284.81,28499,29999,40,0,0,53,36,36,
01-05-2025,SKU_MOTO_EDGE_50,27025,294.83,28999,30999,44,0,0,48,24,24,
02-05-2025,SKU_MOTO_EDGE_50,27025,293.29,28499,30499,20,0,0,45,31,20,
03-05-2025,SKU_MOTO_EDGE_50,27025,290.97,30499,29999,40,1,0,63,33,33,
04-05-2025,SKU_MOTO_EDGE_50,27025,289.06,28999,30999,47,1,0,57,41,41,
05-05-2025,SKU_MOTO_EDGE_50,27025,293.65,29999,29999,46,0,0,54,29,29,
06-05-2025,SKU_MOTO_EDGE_50,27025,296.73,29999,30999,77,0,0,52,29,29,
07-05-2025,SKU_MOTO_EDGE_50,27025,282.97,29999,30999,48,0,0,49,30,30,
08-05-2025,SKU_MOTO_EDGE_50,27025,284.71,30999,30999,18,0,0,54,32,18,
09-05-2025,SKU_MOTO_EDGE_50,27025,290.1,28499,30499,40,0,0,50,33,33,
10-05-2025,SKU_MOTO_EDGE_50,27025,288.84,30999,29999,47,1,0,64,35,35,
11-05-2025,SKU_MOTO_EDGE_50,27025,285.73,28999,28999,92,1,0,63,40,40,
12-05-2025,SKU_MOTO_EDGE_50,27025,290.39,29999,29999,52,0,0,48,26,26,
13-05-2025,SKU_MOTO_EDGE_50,27025,294.16,28499,30999,26,0,0,55,32,26,
14-05-2025,SKU_MOTO_EDGE_50,27025,294.08,28499,28999,0,0,0,55,33,0,
15-05-2025,SKU_MOTO_EDGE_50,27025,285.32,28999,29499,0,0,0,58,32,0,
16-05-2025,SKU_MOTO_EDGE_50,27025,290.3,30999,30499,40,0,0,50,24,24,
17-05-2025,SKU_MOTO_EDGE_50,27025,290.35,30499,30999,16,1,0,63,41,16,
18-05-2025,SKU_MOTO_EDGE_50,27025,291.87,30499,29999,40,1,0,53,35,35,
19-05-2025,SKU_MOTO_EDGE_50,27025,284.97,28999,29499,45,0,0,52,38,38,
20-05-2025,SKU_MOTO_EDGE_50,27025,282.52,29999,30499,47,0,0,52,31,31,
21-05-2025,SKU_MOTO_EDGE_50,27025,296.09,28499,29499,76,0,0,59,37,37,
22-05-2025,SKU_MOTO_EDGE_50,27025,283.41,29999,28999,39,0,0,48,26,26,
23-05-2025,SKU_MOTO_EDGE_50,27025,297.02,28499,30499,13,0,0,47,26,13,
24-05-2025,SKU_MOTO_EDGE_50,27025,285.66,28499,30999,40,1,0,56,40,40,
25-05-2025,SKU_MOTO_EDGE_50,27025,291.31,30499,29999,40,1,0,63,38,38,
26-05-2025,SKU_MOTO_EDGE_50,27025,287.45,29999,29499,82,0,0,45,25,25,
27-05-2025,SKU_MOTO_EDGE_50,27025,284.36,30499,28999,57,0,0,55,28,28,
28-05-2025,SKU_MOTO_EDGE_50,27025,287.69,28999,29999,29,0,0,50,26,26,
29-05-2025,SKU_MOTO_EDGE_50,27025,283.53,28499,30999,43,0,0,47,26,26,
30-05-2025,SKU_MOTO_EDGE_50,27025,288.65,30999,29999,17,0,0,46,30,17,
31-05-2025,SKU_MOTO_EDGE_50,27025,294.8,28999,29999,60,1,0,64,37,37,
01-06-2025,SKU_MOTO_EDGE_50,27025,290.12,28499,30499,23,1,0,64,35,23,
02-06-2025,SKU_MOTO_EDGE_50,27025,284.58,30999,28999,0,0,0,52,26,0,
03-06-2025,SKU_MOTO_EDGE_50,27025,295.71,30499,29499,0,0,0,56,23,0,
04-06-2025,SKU_MOTO_EDGE_50,27025,285.19,28499,30999,40,0,0,49,32,32,
05-06-2025,SKU_MOTO_EDGE_50,27025,285.82,29999,29499,68,0,0,55,27,27,
06-06-2025,SKU_MOTO_EDGE_50,27025,294.7,30499,30499,41,0,0,47,28,28,
07-06-2025,SKU_MOTO_EDGE_50,27025,286.65,28999,29499,13,1,0,53,41,13,
08-06-2025,SKU_MOTO_EDGE_50,27025,295.64,30499,30999,40,1,0,64,37,37,
09-06-2025,SKU_MOTO_EDGE_50,27025,282.76,30999,30499,43,0,0,56,27,27,
10-06-2025,SKU_MOTO_EDGE_50,27025,295.17,30499,29999,96,0,0,52,25,25,
11-06-2025,SKU_MOTO_EDGE_50,27025,295.67,28999,28999,71,0,0,60,34,34,
12-06-2025,SKU_MOTO_EDGE_50,27025,286.12,30499,29999,37,0,0,56,33,33,
13-06-2025,SKU_MOTO_EDGE_50,27025,294.59,28999,30999,44,0,0,45,30,30,
14-06-2025,SKU_MOTO_EDGE_50,27025,292.02,30499,29499,14,1,0,61,40,14,
15-06-2025,SKU_MOTO_EDGE_50,27025,291.26,30999,28999,60,1,0,52,29,29,
16-06-2025,SKU_MOTO_EDGE_50,27025,288.58,30499,29499,31,0,0,52,27,27,
17-06-2025,SKU_MOTO_EDGE_50,27025,283.27,29999,29999,4,0,0,57,28,4,
18-06-2025,SKU_MOTO_EDGE_50,27025,290.75,30999,29499,40,0,0,44,24,24,
19-06-2025,SKU_MOTO_EDGE_50,27025,284.68,29999,30499,16,0,0,53,26,16,
20-06-2025,SKU_MOTO_EDGE_50,27025,289.36,28499,28999,40,0,0,47,23,23,
21-06-2025,SKU_MOTO_EDGE_50,27025,292.58,28499,29499,17,1,0,62,38,17,
22-06-2025,SKU_MOTO_EDGE_50,27025,294.24,29999,30499,40,1,0,62,34,34,
23-06-2025,SKU_MOTO_EDGE_50,27025,283.62,28499,29999,46,0,0,46,28,28,
24-06-2025,SKU_MOTO_EDGE_50,27025,295.34,28499,30999,18,0,0,57,36,18,
25-06-2025,SKU_MOTO_EDGE_50,27025,294.99,28999,28999,60,0,0,45,27,27,
26-06-2025,SKU_MOTO_EDGE_50,27025,283.02,28999,29499,33,0,0,46,35,33,
27-06-2025,SKU_MOTO_EDGE_50,27025,286.94,28499,30999,40,0,0,51,30,30,
28-06-2025,SKU_MOTO_EDGE_50,27025,294.18,29999,30499,10,1,0,63,37,10,
29-06-2025,SKU_MOTO_EDGE_50,27025,282.81,30499,29999,40,1,0,55,39,39,
30-06-2025,SKU_MOTO_EDGE_50,27025,283.23,30499,28999,61,0,0,49,30,30,
01-07-2025,SKU_MOTO_EDGE_50,27025,290.05,28999,30999,31,0,0,51,33,31,
02-07-2025,SKU_MOTO_EDGE_50,27025,289.18,29999,29499,40,0,0,52,32,32,
03-07-2025,SKU_MOTO_EDGE_50,27025,294.23,30999,30499,48,0,0,49,31,31,
04-07-2025,SKU_MOTO_EDGE_50,27025,291.66,28499,30499,17,0,0,50,34,17,
05-07-2025,SKU_MOTO_EDGE_50,27025,288.57,28499,30999,60,1,0,58,38,38,
06-07-2025,SKU_MOTO_EDGE_50,27025,286.71,30499,29499,22,1,0,62,42,22,
07-07-2025,SKU_MOTO_EDGE_50,27025,286.41,28499,30999,0,0,0,51,28,0,
08-07-2025,SKU_MOTO_EDGE_50,27025,296.6,30999,30999,40,0,0,54,24,24,
09-07-2025,SKU_MOTO_EDGE_50,27025,295.51,30999,29999,16,0,0,51,25,16,
10-07-2025,SKU_MOTO_EDGE_50,27025,294.82,29999,30999,60,0,0,45,27,27,
11-07-2025,SKU_MOTO_EDGE_50,27025,288.01,28499,28999,33,0,0,54,34,33,
12-07-2025,SKU_MOTO_EDGE_50,27025,285.5,29999,28999,0,1,0,62,45,0,
13-07-2025,SKU_MOTO_EDGE_50,27025,289.98,28499,29499,0,1,0,61,38,0,
14-07-2025,SKU_MOTO_EDGE_50,27025,285.61,28499,28999,0,0,0,43,24,0,
15-07-2025,SKU_MOTO_EDGE_50,27025,289.4,28499,29999,80,0,0,54,31,31,
16-07-2025,SKU_MOTO_EDGE_50,27025,283.56,29999,30499,49,0,0,51,34,34,
17-07-2025,SKU_MOTO_EDGE_50,27025,283.47,30999,30499,15,0,0,55,29,15,
18-07-2025,SKU_MOTO_EDGE_50,27025,290.82,29999,29499,40,0,0,53,31,31,
19-07-2025,SKU_MOTO_EDGE_50,27025,295.27,28499,30499,49,1,0,58,38,38,
20-07-2025,SKU_MOTO_EDGE_50,27025,285.83,28999,30999,91,1,0,61,38,38,
21-07-2025,SKU_MOTO_EDGE_50,27025,295.47,28999,30999,53,0,0,56,32,32,
22-07-2025,SKU_MOTO_EDGE_50,27025,282.33,30999,29999,21,0,0,49,28,21,
23-07-2025,SKU_MOTO_EDGE_50,27025,294.52,30999,30999,0,0,0,48,25,0,
24-07-2025,SKU_MOTO_EDGE_50,27025,287.15,28499,28999,0,0,0,50,27,0,
25-07-2025,SKU_MOTO_EDGE_50,27025,294.53,28999,29999,80,0,0,56,31,31,
26-07-2025,SKU_MOTO_EDGE_50,27025,296.23,30499,30999,49,1,0,62,36,36,
27-07-2025,SKU_MOTO_EDGE_50,27025,296.46,30499,28999,13,1,0,60,34,13,
28-07-2025,SKU_MOTO_EDGE_50,27025,287.44,29999,29499,40,0,0,49,33,33,
29-07-2025,SKU_MOTO_EDGE_50,27025,291.17,30999,30499,47,0,0,58,30,30,
30-07-2025,SKU_MOTO_EDGE_50,27025,288.94,30999,29499,57,0,0,52,31,31,
31-07-2025,SKU_MOTO_EDGE_50,27025,292.66,28999,30499,26,0,0,49,31,26,
01-08-2025,SKU_MOTO_EDGE_50,27025,284.22,28499,29999,40,0,0,53,32,32,
02-08-2025,SKU_MOTO_EDGE_50,27025,296.72,28499,29999,48,1,0,52,35,35,
03-08-2025,SKU_MOTO_EDGE_50,27025,293.12,30999,29499,13,1,0,61,36,13,
04-08-2025,SKU_MOTO_EDGE_50,27025,292.97,30499,29499,60,0,0,54,28,28,
05-08-2025,SKU_MOTO_EDGE_50,27025,285.31,30999,30999,32,0,0,51,24,24,
06-08-2025,SKU_MOTO_EDGE_50,27025,290.21,30999,29999,48,0,0,52,30,30,
07-08-2025,SKU_MOTO_EDGE_50,27025,289.47,30499,28999,18,0,0,53,23,18,
08-08-2025,SKU_MOTO_EDGE_50,27025,285.63,30999,30499,40,0,0,55,27,27,
09-08-2025,SKU_MOTO_EDGE_50,27025,289.08,28999,30999,93,1,0,56,43,43,
10-08-2025,SKU_MOTO_EDGE_50,27025,291.25,30999,29999,50,1,0,61,38,38,
11-08-2025,SKU_MOTO_EDGE_50,27025,328.49,26999,27999,12,0,1,82,64,12,
12-08-2025,SKU_MOTO_EDGE_50,27025,317.53,28999,29499,40,0,1,86,65,40,
13-08-2025,SKU_MOTO_EDGE_50,27025,318.34,26999,27999,40,0,1,80,69,40,
14-08-2025,SKU_MOTO_EDGE_50,27025,331.91,27499,28499,80,0,1,79,67,67,
15-08-2025,SKU_MOTO_EDGE_50,27025,327.31,29499,28999,13,0,1,89,68,13,
16-08-2025,SKU_MOTO_EDGE_50,27025,330.31,28999,28499,40,1,1,87,76,40,
17-08-2025,SKU_MOTO_EDGE_50,27025,283.45,30499,30499,40,1,0,56,40,40,
18-08-2025,SKU_MOTO_EDGE_50,27025,282.86,28999,30499,40,0,0,53,36,36,
19-08-2025,SKU_MOTO_EDGE_50,27025,292,30999,28999,64,0,0,50,22,22,
20-08-2025,SKU_MOTO_EDGE_50,27025,287.3,30999,30999,42,0,0,56,29,29,
21-08-2025,SKU_MOTO_EDGE_50,27025,290.58,29999,29499,13,0,0,60,31,13,
22-08-2025,SKU_MOTO_EDGE_50,27025,285.24,30999,29999,40,0,0,52,27,27,
23-08-2025,SKU_MOTO_EDGE_50,27025,293.16,30499,30999,13,1,0,53,39,13,
24-08-2025,SKU_MOTO_EDGE_50,27025,293.77,28999,30499,40,1,0,46,36,36,
25-08-2025,SKU_MOTO_EDGE_50,27025,289.96,30499,28999,44,0,0,51,26,26,
26-08-2025,SKU_MOTO_EDGE_50,27025,291.22,28999,30499,18,0,0,46,23,18,
27-08-2025,SKU_MOTO_EDGE_50,27025,289.24,28499,30999,40,0,0,53,29,29,
28-08-2025,SKU_MOTO_EDGE_50,27025,284.95,28999,30499,11,0,0,53,30,11,
29-08-2025,SKU_MOTO_EDGE_50,27025,289.63,30999,30499,40,0,0,55,20,20,
30-08-2025,SKU_MOTO_EDGE_50,27025,292.19,29999,28999,20,1,0,56,31,20,
31-08-2025,SKU_MOTO_EDGE_50,27025,295.12,28499,30999,40,1,0,48,34,34,
01-09-2025,SKU_MOTO_EDGE_50,27025,289.06,28999,29999,46,0,0,53,24,24,
02-09-2025,SKU_MOTO_EDGE_50,27025,288.71,29999,30499,22,0,0,53,25,22,
03-09-2025,SKU_MOTO_EDGE_50,27025,291.33,30499,30999,80,0,0,45,30,30,
04-09-2025,SKU_MOTO_EDGE_50,27025,295.27,29999,30499,50,0,0,51,28,28,
05-09-2025,SKU_MOTO_EDGE_50,27025,283.11,30499,30999,22,0,0,49,28,22,
06-09-2025,SKU_MOTO_EDGE_50,27025,285.62,30999,30999,40,1,0,58,41,40,
07-09-2025,SKU_MOTO_EDGE_50,27025,289.45,29999,29999,0,1,0,47,35,0,
08-09-2025,SKU_MOTO_EDGE_50,27025,287.1,28499,30999,80,0,0,45,30,30,
09-09-2025,SKU_MOTO_EDGE_50,27025,289.58,30499,30499,50,0,0,49,29,29,
10-09-2025,SKU_MOTO_EDGE_50,27025,285.08,30999,30999,21,0,0,51,28,21,
11-09-2025,SKU_MOTO_EDGE_50,27025,285.91,28499,29499,0,0,0,56,35,0,
12-09-2025,SKU_MOTO_EDGE_50,27025,292.13,30999,30999,0,0,0,44,28,0,
13-09-2025,SKU_MOTO_EDGE_50,27025,291.32,28499,28999,40,1,0,64,39,39,
14-09-2025,SKU_MOTO_EDGE_50,27025,283.61,29999,28999,41,1,0,56,35,35,
15-09-2025,SKU_MOTO_EDGE_50,27025,292.26,28999,29499,46,0,0,55,30,30,
16-09-2025,SKU_MOTO_EDGE_50,27025,287.89,30999,28999,16,0,0,55,25,16,
17-09-2025,SKU_MOTO_EDGE_50,27025,288.19,29999,30999,0,0,0,46,24,0,
18-09-2025,SKU_MOTO_EDGE_50,27025,287.85,28999,30499,60,0,0,43,23,23,
19-09-2025,SKU_MOTO_EDGE_50,27025,291.54,29999,28999,37,0,0,53,30,30,
20-09-2025,SKU_MOTO_EDGE_50,27025,294.96,30999,30499,7,1,0,60,37,7,
21-09-2025,SKU_MOTO_EDGE_50,27025,324.4,27499,28999,40,1,1,87,71,40,
22-09-2025,SKU_MOTO_EDGE_50,27025,325.07,28499,29999,40,0,1,80,67,40,
23-09-2025,SKU_MOTO_EDGE_50,27025,318.15,29499,29999,40,0,1,78,63,40,
24-09-2025,SKU_MOTO_EDGE_50,27025,326.51,28999,29999,40,0,1,84,67,40,
25-09-2025,SKU_MOTO_EDGE_50,27025,325.96,28999,28499,40,0,1,79,68,40,
26-09-2025,SKU_MOTO_EDGE_50,27025,329.6,28999,28999,40,0,1,82,61,40,
27-09-2025,SKU_MOTO_EDGE_50,27025,318.85,29499,28499,40,1,1,95,74,40,
28-09-2025,SKU_MOTO_EDGE_50,27025,317.9,28499,28499,60,1,1,73,76,60,
29-09-2025,SKU_MOTO_EDGE_50,27025,320.43,27499,28499,40,0,1,83,69,40,
30-09-2025,SKU_MOTO_EDGE_50,27025,325.6,29499,28999,40,0,1,80,67,40,
01-10-2025,SKU_MOTO_EDGE_50,27025,327.32,27499,27999,40,0,1,78,63,40,
02-10-2025,SKU_MOTO_EDGE_50,27025,319.55,28499,27999,40,0,1,83,65,40,
03-10-2025,SKU_MOTO_EDGE_50,27025,319.93,28499,29999,60,0,1,86,70,60,
04-10-2025,SKU_MOTO_EDGE_50,27025,321.1,29499,29999,40,1,1,98,78,40,
05-10-2025,SKU_MOTO_EDGE_50,27025,323.89,26999,29999,40,1,1,59,61,40,
06-10-2025,SKU_MOTO_EDGE_50,27025,332.12,28499,29499,40,0,1,75,66,40,
07-10-2025,SKU_MOTO_EDGE_50,27025,328.84,29499,29499,40,0,1,77,61,40,
08-10-2025,SKU_MOTO_EDGE_50,27025,318.29,28999,27999,60,0,1,82,60,60,
09-10-2025,SKU_MOTO_EDGE_50,27025,326.14,28999,28999,40,0,1,77,59,40,
10-10-2025,SKU_MOTO_EDGE_50,27025,332.16,26999,28499,40,0,1,81,67,40,
11-10-2025,SKU_MOTO_EDGE_50,27025,325.96,28999,28499,40,1,1,90,75,40,
12-10-2025,SKU_MOTO_EDGE_50,27025,319.81,26999,28499,0,1,1,63,59,0,
13-10-2025,SKU_MOTO_EDGE_50,27025,331.86,28999,29999,40,0,1,80,65,40,
14-10-2025,SKU_MOTO_EDGE_50,27025,327.32,27499,29499,40,0,1,85,69,40,
15-10-2025,SKU_MOTO_EDGE_50,27025,324.85,27499,29499,40,0,1,83,65,40,
16-10-2025,SKU_MOTO_EDGE_50,27025,322.45,26999,27999,0,0,1,77,69,0,
17-10-2025,SKU_MOTO_EDGE_50,27025,331.39,28499,28499,40,0,1,82,66,40,
18-10-2025,SKU_MOTO_EDGE_50,27025,323.12,26999,29499,80,1,1,95,78,78,
19-10-2025,SKU_MOTO_EDGE_50,27025,327.36,28499,28499,42,1,1,65,65,42,
20-10-2025,SKU_MOTO_EDGE_50,27025,321.82,29499,27999,40,0,1,84,65,40,
21-10-2025,SKU_MOTO_EDGE_50,27025,324.44,28999,27999,40,0,1,77,63,40,
22-10-2025,SKU_MOTO_EDGE_50,27025,329.69,28499,29499,40,0,1,78,65,40,
23-10-2025,SKU_MOTO_EDGE_50,27025,324.84,29499,29499,40,0,1,84,65,40,
24-10-2025,SKU_MOTO_EDGE_50,27025,331.3,27499,29499,0,0,1,84,66,0,
25-10-2025,SKU_MOTO_EDGE_50,27025,317.52,28999,28499,40,1,1,84,67,40,
26-10-2025,SKU_MOTO_EDGE_50,27025,285.13,28999,28999,40,1,0,44,37,37,
27-10-2025,SKU_MOTO_EDGE_50,27025,286.71,28499,29999,43,0,0,51,28,28,
28-10-2025,SKU_MOTO_EDGE_50,27025,283.18,30499,30499,75,0,0,50,23,23,
29-10-2025,SKU_MOTO_EDGE_50,27025,288.64,30499,30999,52,0,0,55,35,35,
30-10-2025,SKU_MOTO_EDGE_50,27025,287.56,30499,29999,17,0,0,47,22,17,
31-10-2025,SKU_MOTO_EDGE_50,27025,288.06,28999,30999,40,0,0,51,29,29,
01-11-2025,SKU_MOTO_EDGE_50,27025,290.98,30999,29499,11,1,0,55,31,11,
02-11-2025,SKU_MOTO_EDGE_50,27025,290.47,30499,30999,80,1,0,41,31,31,
03-11-2025,SKU_MOTO_EDGE_50,27025,284.49,28999,30499,49,0,0,56,29,29,
04-11-2025,SKU_MOTO_EDGE_50,27025,289.39,30999,28999,20,0,0,48,19,19,
05-11-2025,SKU_MOTO_EDGE_50,27025,294.03,28499,30999,41,0,0,56,29,29,
06-11-2025,SKU_MOTO_EDGE_50,27025,286.07,28999,29499,12,0,0,60,31,12,
07-11-2025,SKU_MOTO_EDGE_50,27025,292.14,28499,29999,40,0,0,49,30,30,
08-11-2025,SKU_MOTO_EDGE_50,27025,284.5,28499,30499,10,1,0,57,38,10,
09-11-2025,SKU_MOTO_EDGE_50,27025,282.82,28499,29999,0,1,0,41,30,0,
10-11-2025,SKU_MOTO_EDGE_50,27025,287.5,29999,29999,0,0,0,57,29,0,
11-11-2025,SKU_MOTO_EDGE_50,27025,292.15,30499,29499,0,0,0,50,28,0,
12-11-2025,SKU_MOTO_EDGE_50,27025,296.89,29999,29499,60,0,0,52,29,29,
13-11-2025,SKU_MOTO_EDGE_50,27025,283.29,28999,28999,31,0,0,48,31,31,
14-11-2025,SKU_MOTO_EDGE_50,27025,287.08,30499,30499,40,0,0,51,25,25,
15-11-2025,SKU_MOTO_EDGE_50,27025,296.05,28999,30499,15,1,0,59,38,15,
16-11-2025,SKU_MOTO_EDGE_50,27025,296.17,28499,28999,40,1,0,38,29,29,
17-11-2025,SKU_MOTO_EDGE_50,27025,290.5,28499,29499,51,0,0,49,27,27,
18-11-2025,SKU_MOTO_EDGE_50,27025,292.39,28499,29999,24,0,0,46,31,24,
19-11-2025,SKU_MOTO_EDGE_50,27025,294.49,30499,28999,40,0,0,51,28,28,
20-11-2025,SKU_MOTO_EDGE_50,27025,289.16,29999,30499,12,0,0,56,28,12,
21-11-2025,SKU_MOTO_EDGE_50,27025,286.29,30999,30499,40,0,0,49,28,28,
22-11-2025,SKU_MOTO_EDGE_50,27025,283.63,29999,29499,72,1,0,58,34,34,
23-11-2025,SKU_MOTO_EDGE_50,27025,290.38,28499,30999,38,1,0,38,27,27,
24-11-2025,SKU_MOTO_EDGE_50,27025,290.73,30499,30999,11,0,0,52,32,11,
25-11-2025,SKU_MOTO_EDGE_50,27025,284.65,28999,29499,40,0,0,54,30,30,
26-11-2025,SKU_MOTO_EDGE_50,27025,285.31,30999,29499,10,0,0,48,28,10,
27-11-2025,SKU_MOTO_EDGE_50,27025,285.07,30999,28999,60,0,0,57,34,34,
28-11-2025,SKU_MOTO_EDGE_50,27025,293.67,28499,30499,26,0,0,62,37,26,
29-11-2025,SKU_MOTO_EDGE_50,27025,293.59,30999,29999,40,1,0,64,37,37,
30-11-2025,SKU_MOTO_EDGE_50,27025,293.96,28999,29999,43,1,0,44,30,30,
01-12-2025,SKU_MOTO_EDGE_50,27025,288.44,28999,30999,13,0,0,45,32,13,
02-12-2025,SKU_MOTO_EDGE_50,27025,294.16,28499,30499,60,0,0,49,37,37,
03-12-2025,SKU_MOTO_EDGE_50,27025,293.1,28999,30999,23,0,0,59,39,23,
04-12-2025,SKU_MOTO_EDGE_50,27025,291.3,28999,29499,40,0,0,50,29,29,
05-12-2025,SKU_MOTO_EDGE_50,27025,291.8,30999,29999,11,0,0,54,27,11,
06-12-2025,SKU_MOTO_EDGE_50,27025,290.05,30499,30999,0,1,0,61,36,0,
07-12-2025,SKU_MOTO_EDGE_50,27025,287.82,29999,28999,40,1,0,49,35,35,
08-12-2025,SKU_MOTO_EDGE_50,27025,296.25,28499,30999,45,0,0,54,37,37,
09-12-2025,SKU_MOTO_EDGE_50,27025,284.03,29999,30499,48,0,0,47,28,28,
10-12-2025,SKU_MOTO_EDGE_50,27025,284.73,28499,29999,20,0,0,46,34,20,
11-12-2025,SKU_MOTO_EDGE_50,27025,292.72,30999,29999,40,0,0,58,28,28,
12-12-2025,SKU_MOTO_EDGE_50,27025,289.18,28499,30499,72,0,0,54,34,34,
13-12-2025,SKU_MOTO_EDGE_50,27025,291.72,29999,29499,38,1,0,59,42,38,
14-12-2025,SKU_MOTO_EDGE_50,27025,293.73,30499,30499,0,1,0,61,36,0,
15-12-2025,SKU_MOTO_EDGE_50,27025,293.52,30499,28999,40,0,0,48,23,23,
16-12-2025,SKU_MOTO_EDGE_50,27025,296.87,28499,29499,17,0,0,49,29,17,
17-12-2025,SKU_MOTO_EDGE_50,27025,283.19,29999,29499,40,0,0,52,25,25,
18-12-2025,SKU_MOTO_EDGE_50,27025,293.83,29999,29499,15,0,0,52,30,15,
19-12-2025,SKU_MOTO_EDGE_50,27025,296.3,28999,29499,40,0,0,45,26,26,
20-12-2025,SKU_MOTO_EDGE_50,27025,296.97,30999,29499,14,1,0,55,36,14,
21-12-2025,SKU_MOTO_EDGE_50,27025,290.73,29999,29999,40,1,0,50,34,34,
22-12-2025,SKU_MOTO_EDGE_50,27025,283.96,30999,29499,86,0,0,53,25,25,
23-12-2025,SKU_MOTO_EDGE_50,27025,292.51,28499,28999,61,0,0,48,32,32,
24-12-2025,SKU_MOTO_EDGE_50,27025,294.13,28499,28999,29,0,0,42,22,22,
25-12-2025,SKU_MOTO_EDGE_50,27025,329.95,29499,28499,7,0,1,84,66,7,
26-12-2025,SKU_MOTO_EDGE_50,27025,318.71,29499,28999,40,0,1,78,60,40,
27-12-2025,SKU_MOTO_EDGE_50,27025,318.93,27499,28999,40,1,1,94,71,40,
28-12-2025,SKU_MOTO_EDGE_50,27025,319.72,28999,29499,40,1,1,45,58,40,
29-12-2025,SKU_MOTO_EDGE_50,27025,320.32,28999,29999,40,0,1,80,66,40,
30-12-2025,SKU_MOTO_EDGE_50,27025,332.03,26999,28499,40,0,1,85,68,40,
31-12-2025,SKU_MOTO_EDGE_50,27025,289.72,28499,30499,40,0,0,48,29,29,
